Solved,Problem,Difficulty
123546789546789123789123546354678912678912354912354678235467891467891235891235467,003000709500080020000000546050600002000912004000300608235060090007000035090005400,Medium
123756489756489123489123756375648912648912375912375648237564891564891237891237564,000706480706009020080000056375640012600900070900305608037504001000800000000207560,Easy
123874956956123874874956123239741568568239741741568239395412687687395412412687395,000800000050003800074950023009001000000030740041500009300010607080005000400600000,Medium
124386957386957124957124386243869571869571243571243869438695712695712438712438695,100080000306007124007024000203069071869500000000200809030695002605712408012030005,Easy
126384975384975126975126384512638497638497512497512638751263849263849751849751263,000304000080005106000020000502008000630000500007010000000260000003009050000700263,Medium
126489753753126489489753126675912348348675912912348675267891534534267891891534267,100089000000000000480700026605012348300000000010000005000090034504200001000030200,Medium
126539478478126539539478126264391785785264391391785264647912853853647912912853647,006500070470100009030000006200000705080060300001080000000900853000047000000800000,Medium
127456389456389127389127456274563891563891274891274563745638912638912745912745638,000006300050000007080100050004063800000000004090200000700000902600010000000045030,Hard
127456389456389127389127456745638912638912745912745638274563891563891274891274563,100400009400009020080007000000600002038010000900040000004560801560000000090004000,Medium
128459736736128459459736128287591364364287591591364287873912645645873912912645873,020409700706008050009700120087090060300280090501000287073000000045870000012600803,Easy
128576439576439128439128576285764391764391285391285764857643912643912857912857643,000006400576000000009020070200060091000301080300005000007640012000000000902000040,Medium
128976345976345128345128976451289763289763451763451289512897634897634512634512897,120006045006300000040000000050000000009063400703050000010000600807000002030010007,Medium
132894567567132894894567132325941678678325941941678325413789256256413789789256413,002090000507032890090060132020900000008000040040008305000000000206000089700256000,Medium
134286579579134286286579134613928457457613928928457613345861792792345861861792345,104086570079004080280009000010028400050600900900000003005060700090040800860002300,Medium
134286597597134286286597134613728459459613728728459613345861972972345861861972345,000000007000134280086000100603000459059010720000000010005000000072300061800970305,Medium
134569782569782134782134569345697821697821345821345697456978213978213456213456978,100060000509702130780004569340007820607000040000045090406970003070010006013406008,Easy
134687952687952134952134687213468795468795213795213468346879521879521346521346879,030007000007002130050100600200460000060005013700203000340009000000521000000000009,Medium
134952786952786134786134952613495278495278613278613495861349527349527861527861349,100052700000000000780104002600090200005208000078010000060049000040507001000000300,Medium
135486927927135486486927135359861274274359861861274359592613748748592613613748592,100480007000130000006000030009000004274350000000270000092000708700500000003048000,Medium
137946852852137946946852137785613294294785613613294785378461529529378461461529378,107946000800107000040000030080003090004000600600000780070401020000000060000000308,Medium
138572649649138572572649138213957864864213957957864213721495386386721495495386721,030002609009108002070040008213050800800013950057804213721095300306720000000000000,Easy
139678452678452139452139678396784521784521396521396784967845213845213967213967845,039000400678400039450000008306004500780521000020000084060040200805000007213907805,Easy
143678259678259143259143678436782591782591436591436782367825914825914367914367825,043008059070209003050000600006700091000590430090036002067805000825004360010307800,Easy
143876295295143876876295143614587329329614587587329614432761958958432761761958432,043800200000100000006090003004007329000000007580300000400060000050002001700000402,Medium
148379625625148379379625148914537862862914537537862914791253486486791253253486791,000070620600048300009020000910000002002010007030800000790000400000001253000006000,Medium
149287536287536149536149287492875361875361492361492875614928753928753614753614928,100280006000000009030049287090005060075360490361000800004008050020703610703000920,Easy
154932786786154932932786154547321869869547321321869547215693478478215693693478215,104000086006050000900000100500020000000000301001069047010603008000000090003000200,Medium
156823749823749156749156823682374915374915682915682374568237491237491568491568237,000003000000749050000050803000300910074000002005000300000007001230001500090060200,Medium
159367284367284159284159367593672841672841593841593672415936728936728415728415936,159360000000000000284109360090002040602800000801500672415000020000728000000405000,Medium
159427368368159427427368159936715842842936715715842936593271684684593271271684593,000400000368000400400000159006700800000936000010002000003001000600000070071080500,Medium
163284957957163284284957163416728395395416728728395416841572639639841572572639841,003080007900000200000000163410008095390000000000005400800070039000001500500030040,Medium
164893527893527164527164893648935271935271648271648935716489352489352716352716489,100090020003007160000100803640005000000000008070640900010009000080300716300000000,Medium
165874293293165874874293165652741938938652741741938652416387529529416387387529416,000870000293000000070000105050700008030600700000038002010080000000000307000509010,Medium
167234895895167234234895167416523789789416523523789416678341952952678341341952678,100004000000060200000890067006003000080400500500009010000300050902000000000050078,Hard
172695348695348172348172695481726953726953481953481726817269534269534817534817269,170005008005000000300070690000020900000050001003400720007000530069004000000800060,Medium
176398245398245176245176398517639824639824517824517639763982451982451763451763982,076000240300005100040170000517000824030800000024507600700082050982051000001763082,Easy
178523964523964178964178523785239641239641785641785239417852396852396417396417852,078023900023000000900100000080000601000000705040785000017000306000090407300000000,Medium
178962354962354178354178962541789623789623541623541789417896235896235417235417896,000900000000054100050000962040009600000003040623501700400006030006035410235410000,Medium
179234568234568179568179234792345681345681792681792345817923456923456817456817923,079200000000060000500100004090305680000000092000700000000023400003000007400010920,Medium
179352684684179352352684179521843796796521843843796521217435968968217435435968217,000300000604079050000004070500040000006020003800000521010000000000007405030908010,Medium
187456329456329187329187456874563291563291874291874563745632918632918745918745632,187456020000020180309000400070003000063000804290874500000600008602010005900045632,Easy
189574632574632189632189574895746321746321895321895746957463218463218957218957463,000570632000002000030009500890740001006000005020090700000400000063000000008957460,Medium
189723456723456189456189723897234561234561897561897234972345618345618972618972345,189720450023050109000080000807004001000500897060000230002340608300000000010070005,Medium
189743256743256189256189743974325618325618974618974325897432561432561897561897432,180003256703000000050100000974000008025608000608070025807030000000000090560800032,Medium
192873465873465192465192873287346519346519287519287346928734651734651928651928734,092800060003060002405000800200040009000519007500000040020030051730600900050008730,Medium
193256784256784193784193256325678419678419325419325678932567841567841932841932567,100200700000700193780003056320070009008000325400000000930000800000041902001002000,Medium
193658274658274193274193658419365827365827419827419365741936582936582741582741936,000600204058000000070100050419000020000000400027009300000900002000580700580001030,Medium
193678254254193678678254193819467325325819467467325819781546932932781546546932781,000600204250003078008050190009407020320000067400300009081500000902701546046902080,Easy
196527384384196527527384196963271845845963271271845963719452638638719452452638719,090000004300006020000300190000071000005000200000800060000052008630000400400000009,Hard
196587324324196587587324196963871245245963871871245963719458632632719458458632719,100007004320006507080020096003870040200060870000005000700400000602000050000632009,Medium
197586234234197586586234197972861345345972861861345972619458723723619458458723619,100506004030090506080000000000800305000002861000040000619050000700000400050003000,Medium
198547236236198547547236198982471365365982471471365982719654823823719654654823719,090007230006100040047006000080400065065982401470065000710600020000709654054800010,Easy
215678943678943215943215678321567894567894321894321567432156789156789432789432156,000600903008000010040000600000500800060094001094300000030006000156000030700402000,Medium
217348596348596217596217348962173485173485962485962173621734859734859621859621734,010308090048506200006000000902103000100485060400960070020000009030009601000600730,Medium
218346579346579218579218346921834657834657921657921834792183465183465792465792183,010000570006000000000208040000030000800600001057900004090080000000405092005000100,Hard
219345678345678219678219345782193456193456782456782193821934567934567821567821934,210305000345008009600000040000090056003400000000080103800004000030507020567001034,Medium
219465378465378219378219465194653782653782194782194653821946537946537821537821946,009400070405000209008010405104003000053700104082004053000946030000507000500821046,Easy
219786345345219786786345219862457193193862457457193862621578934934621578578934621,009706000040000080780305000800050100190000007400003060601000930000000008070000600,Medium
231894567567231894894567231315942678678315942942678315423789156156423789789156423,030890507067201094094000030000900600008310000040070005400700000050423080009100420,Medium
234178569569234178178569234345782691691345782782691345823917456456823917917456823,030000569000200008000009030000000601090000000782091000800010000050003000900056803,Medium
234197865197865234865234197341978652978652341652341978523419786419786523786523419,030100865007000200860000007000970050908600040000001000000000706419006000080000010,Medium
234519876519876234876234519345198762198762345762345198623451987451987623987623451,230500070500006230070000019300098702000000040700000008003051087450980000000623050,Medium
234567198567198234198234567823456719456719823719823456345671982671982345982345671,234507100500108030090204007800050010006000003700800456005601000000080300980000671,Easy
234567891567891234891234567123456789456789123789123456345678912678912345912345678,004007000560091234000200067023050089050709103089100450300678902008910300900300070,Easy
234589167167234589589167234341892675675341892892675341416923758758416923923758416,230509000100200509500067004040802005005301090800000000006023708050400000003058000,Medium
234819567567234819819567234923781456456923781781456923345192678678345192192678345,000819567500034019810007004900780050006920000001050903345000670078000190092000305,Easy
234967851967851234851234967349678512678512349512349678123496785496785123785123496,234060000000801030000000000000078510600010309000000070120000000000005120700000096,Medium
235698147698147235147235698569814723814723569723569814356981472981472356472356981,235600040000107030040200090060810723010023000000000814350901470980070056070300900,Easy
236189745189745236745236189361897452897452361452361897618974523974523618523618974,230080005089000000000006100061000450000000360400000097010970003004003000500010000,Medium
237458619458619237619237458745861923861923745923745861374586192586192374192374586,030000010050600207009000400000800020060023005920700001070006092580100000100000506,Medium
237845196845196237196237845623784519784519623519623784962378451378451962451962378,037000006000000207190000040000080500704000020009020004000300001000400060051000308,Medium
239486751751239486486751239397862514514397862862514397975623148148975623623148975,039080051701200406406001239097800514510000800002000300000600100100975003623000075,Easy
239567841567841239841239567123956784956784123784123956395678412678412395412395678,230000000000841200040000007023006704950000000000020056300000012078002390002000600,Medium
239854671671239854854671239423185967967423185185967423542718396396542718718396542,030854000001009050000001200003080060907403000005060400502018000006002700700090040,Medium
243517896517896243896243517435178962178962435962435178624351789351789624789624351,040007800517000040006040000005008000000062430960000100020300009000080600089000001,Medium
245638917638917245917245638172456389456389172389172456724563891563891724891724563,000600910038007200007000030000000300456000000009070006000003000560000004800724000,Medium
246537891891246537537891246724153689689724153153689724468372915915468372372915468,206030800800240037507800000720100009080724000000080000060000005000400070072905400,Medium
246718593593246718718593246465182937937465182182937465659824371371659824824371659,006000093003040700710590000060000907000405082002000400600820070071650800004071050,Medium
248965317965317248317248965172489653489653172653172489724896531896531724531724896,208060000900007040000200000002480053000003000600070009704000030090001004030000800,Medium
256749183749183256183256749674918325918325674325674918567491832491832567832567491,050709003700100056003000040004900020010320074300004008000000002401030500002500490,Medium
256981374981374256374256981698137425137425698425698137569813742813742569742569813,206081374900004006070006080000000000107020690005000137500013742803000509040009800,Easy
257684193193257684684193257571842936936571842842936571425368719719425368368719425,007000000190250000080003250571842930900500842802000070005008010709400360300019020,Easy
259647381381259647647381259472816593593472816816593472725164938938725164164938725,000040381001000000047380209470800003500402000010503070000164038008025160160038700,Easy
264573819573819264819264573926457381457381926381926457645738192738192645192645738,004003010000809060000060570900407081450081000000000000045730000730090000092600008,Medium
264891537537264891891537264126789453453126789789453126645912378378645912912378645,264090500537000001091500204006789400400120709789403006040002300008000000910308040,Easy
264891537537264891891537264645912378378645912912378645126789453453126789789453126,000801030000000000091000204040902308000605000002070600000000000003026700080403000,Medium
267543918918267543543918267679432185185679432432185679326854791791326854854791326,007540900910060003500008000000430080100009000032100000000050000000326054804700320,Medium
274365891365891274891274365127436589436589127589127436743658912658912743912743658,000365890005091000800000000000006009430009000000120030703000010008902000900040050,Medium
274391586586274391391586274745912863863745912912863745127639458458127639639458127,200001000000074090001500070705002060003000910000060000020000450008100000030000027,Medium
274895163163274895895163274527389416416527389389416527741952638638741952952638741,000000103160000890095100270000300006410007389080000007040902608008700900900630700,Medium
274916385916385274385274916527491638491638527638527491852749163749163852163852749,004000380900000000000074906020000600091000527600507000050700100000160002003000000,Medium
275163984984275163163984275759632841841759632632841759598327416416598327327416598,005000000000200063160000070000600000040000632032001700508300000000508020000016090,Medium
276598134598134276134276598427659813659813427813427659765981342981342765342765981,000500000090000206004070000007600010000010020800020009700000000001300065340005900,Hard
278419653419653278653278419532784196784196532196532784327841965841965327965327841,200019000009003000600270019532084000004106530096002080027001065841065300960320040,Easy
278549631549631278631278549127854963854963127963127854785496312496312785312785496,270009601549631200001208549020000003804060000963027800000090000496002080302005490,Easy
279138456138456279456279138791384562384562791562791384913845627845627913627913845,270000000008050200000009100790304002080000000000700084903000000045000003600910005,Medium
281479635635281479479635281792354816816792354354816792928547163163928547547163928,201000005630001000400630280000000816800002000350810700900007160000900507500163028,Easy
284763195195284763763195284328576419419328576576419328841632957957841632632957841,204060005005000700003090080008070419000000000506000020040000000000801602000957000,Medium
289456173173289456456173289891562734734891562562734891917628345345917628628345917,089000003100200050050100209800002034004001000560704090000000040000907020600045007,Medium
289674351674351289351289674967435128435128967128967435896743512743512896512896743,200600000600001080301080074007005000400128060120960400896043010703512800000000043,Easy
289734156734156289156289734897341562341562897562897341973415628415628973628973415,200000106734100200150289000097000002040060800500807000000410600400008070620973005,Easy
293145876145876293876293145931458762458762931762931458314587629587629314629314587,290000000040870203006000005031400060000062900002031058000000000580009004000310007,Medium
295381467467295381381467295954812673673954812812673954129738546546129738738546129,200380000000295000001007095950812673603004010002600000000030046546020000000046129,Easy
295846713713295846846713295629384571571629384384571629957462138138957462462138957,000000703010000006846010000000080501570600084004000000907002000000957000400030950,Medium
296417583583296417417583296729341658658729341341658729965172834834965172172834965,290000583080096010400080000000301600000700040041050009060000800800965002072000060,Medium
297813564813564297564297813978135642135642978642978135429781356781356429356429781,297010004813064290000007003908030600035602070602000000020000300781006009006420081,Easy
298347165165298347347165298981472653653981472472653981729534816816729534534816729,290300005065090347007100098900472653000980000000600901009000006000720534504816020,Easy
298563471563471298471298563129856347856347129347129856985634712634712985712985634,000063000000400200070208003020056000850307009300009056005030710000010080012985630,Medium
315678942678942315942315678231567894567894231894231567423156789156789423789423156,010600000008000005002300670030060000507000200004030507020156700000080000009000100,Medium
315942678678315942942678315231894567567231894894567231423789156156423789789156423,015000008000300000000678300000000500007201090090060201423000006000000000700156000,Medium
315948627948627315627315948273159486159486273486273159731594862594862731862731594,000000607908020015027000000000059400000000000086200100031090000500000030000700004,Hard
317286459459317286286459317174863592592174863863592174745631928928745631631928745,317000400000000000000459007004000000502070063000000170000030000008705000600028040,Medium
317628945945317628628945317831562794794831562562794831283456179179283456456179283,307620905045307020600900000831062704704030002060090030000006179070000006450070003,Easy
317985642985642317642317985798564231564231798231798564179856423856423179423179856,317980600085602300640000900700500200564000098000090004070800023056020100020100006,Easy
319452687687319452452687319231745968968231745745968231523874196196523874874196523,009000687607009052402087010000745960068000745700000001023870090100520000800106000,Easy
321469758758321469469758321175932846846175932932846175217693584584217693693584217,000009758750001000400750021100902840006070932032000075017000084584010003600500217,Easy
325498617617325498498617325256983174174256983983174256832749561561832749749561832,320000017617000408008010300206980104070006900980070206030740060060002009740561000,Easy
325741986986325741741986325413867259259413867867259413132674598598132674674598132,020001080006000700040900000410007009000000867000000000000000098590000670000508002,Hard
326179845179845326845326179532617984617984532984532617453261798261798453798453261,326000840000005320040006009030600980000980032904530000403200008201008050708050261,Easy
326781954781954326954326781678195432195432678432678195267819543819543267543267819,000000004700054000050320081078095030000400600032608005267019000000500007000060800,Medium
326847951847951326951326847268479513479513268513268479684795132795132684132684795,306040000000000020901300007060000503000000000000208070000700000095002680002000095,Hard
328145967967328145145967328453671289289453671671289453532714896896532714714896532,000040000960000005100907308003601000009403670670000050000704006890530704700090000,Medium
329184765184765329765329184532918476918476532476532918291847653847653291653291847,309100700180705009005020004030018476000470030406530910291800053800000001650290000,Easy
329456187187329456456187329918632745745918632632745918291563874874291563563874291,300000187007020000000180009000030000040900002602000008200003000074000500060804090,Medium
329476518518329476476518329632847951951632847847951632763184295295763184184295763,309070008000000000000508020002000000050630800807050602063000000200003100080295760,Medium
329786451451329786786451329945632178178945632632178945294863517517294863863517294,000006400001309080006451000000030000108040002002000940204860017010200000800007000,Medium
341952678678341952952678341234895167167234895895167234523789416416523789789416523,041902600000000052950000000230000007067034800005000200500089006400003080700000520,Medium
342517869517869342869342517251786934786934251934251786425178693178693425693425178,002017800010060002000300000050700900006900051030001000000108003070000000000420108,Medium
342578916578916342916342578634257891257891634891634257163425789425789163789163425,042000000500006300000300078000057800200000634000000000000005000020700000789100020,Hard
345192678678345192192678345234819567567234819819567234923781456456923781781456923,345190608000305190002008000204819560500200019019000000003000406000020781701000023,Easy
345271698698345271271698345134827569569134827827569134456713982982456713713982456,040001008098345270001608000000827060000000000800009134050013902082400710013080400,Easy
345278916278916345916345278163452789452789163789163452634527891527891634891634527,340000000200000305000005078060000089450000000709100002034000000000091600890600500,Medium
345628917628917345917345628734562891562891734891734562173456289456289173289173456,000008907600000040007045020034060000500090000000700002100050080000209100089000006,Medium
345687912687912345912345687234568791568791234791234568123456879456879123879123456,300000900607010000000005080000060090008790030000004508000450070006870100009000006,Medium
345921678678345921921678345134892567567134892892567134213789456456213789789456213,345021600000300000920008300100090000000034892002500134200700050050203089080050203,Easy
345962718718345962962718345623189457457623189189457623234896571571234896896571234,000060008000305900960018000600100050000003000109057620200800001501000096000070000,Medium
345982671671345982982671345234198567567234198198567234823719456456823719719456823,040902001670300002000070340034000067500034098098560204800009056006023709009050823,Easy
345987621621345987987621345873219456456873219219456873734198562562734198198562734,345087020001000900980000045800000000400800019000056800730100062062000008000500000,Medium
348176592176592348592348176234817659817659234659234817923481765481765923765923481,040106002006000000590040000034000659000600200059000000000080700480065000000003001,Medium
351698427427351698698427351514983276276514983983276514835769142142835769769142835,050690020400001000090007001004980006076500000900000000035000102100030000760000005,Medium
351789426426351789789426351514893267267514893893267514142935678678142935935678142,000080406020301780080000001500803000007010893893060014040900600670000005930078000,Easy
352149876876352149149876352935614287287935614614287935493761528528493761761528493,050100806006350009040000000900000080000930004000207000400001000020000001700008490,Medium
354698172698172354172354698723546981546981723981723546235469817469817235817235469,000690100008002000002350090020040900506001003080003006030000800400007230010000009,Medium
354917268268354917917268354735891426426735891891426735173689542542173689689542173,050007260000354900007068004000801000426000891800000030103600000040100080000042000,Medium
356289417289417356417356289562894173894173562173562894735628941628941735941735628,300000010080407000000000009500094000800000060100062804030020900600041030940700008,Medium
364578912578912364912364578123645789645789123789123645236457891457891236891236457,304500000508012000900060070020000789005000120789003045036000001050091200000236450,Easy
367254891891367254254891367436125789789436125125789436678543912912678543543912678,000250000000000004004001367030000000009400105020700036678040000000070000003900008,Medium
367542891891367542542891367678423915915678423423915678236154789789236154154789236,000000090891000000040000307000000900015008000400015670030000000780000054000009200,Hard
367542918918367542542918367679423185185679423423185679236854791791236854854791236,300502908010360500000018307600023100005600020003105070000054700090230804000001206,Easy
369158742742369158158742369836215974974836215215974836583421697697583421421697583,000150002000300000008000369806010000070000205010000000500000607097500001000000580,Medium
369184275184275369275369184691842753842753691753691842536918427918427536427536918,009100270104270309070069080691000750000000690053001040536918000910000000400036018,Easy
369217845217845369845369217453692178692178453178453692536921784921784536784536921,360000040000005300040000207050000008690078400070003690000000780920000006704000000,Medium
376412958412958376958376412583764129764129583129583764837641295641295837295837641,006010950410050006000300012000000100760100003009580004037001295000205807095030640,Easy
376582914582914376914376582765829143829143765143765829658291437291437658437658291,076082900000914000000070500700000040029100005140005800058091000201007600400050001,Medium
379645812812379645645812379453126798798453126126798453537264981981537264264981537,309640002800070645000012309400026000700053000006700050037004980000500064064081500,Easy
382194567567382194194567382825943671671825943943671825256438719719256438438719256,000000007560002104190000080800900000670005000003000020250008009010050400008000200,Medium
382965471965471382471382965138296547296547138547138296713829654829654713654713829,082060070960400302470002005108296000206507000500030090000000654009004010650710820,Easy
391572468572468391468391572157246839246839157839157246915724683724683915683915724,000500000000468301060390002100006000240000007030107040005000080000600000000910704,Medium
394862175175394862862175394623758941941623758758941623239586417417239586586417239,300800000005090000860070004623000900901000008000040000000006017010009500080400000,Medium
395147628628395147147628395473281956956473281281956473739814562562739814814562739,300100608000095147140600005473200050050403080080056000700800060562739000804060009,Easy
395417628628395417417628395739841562562739841841562739173284956956173284284956173,005017000020300010407600395739800060502030001800500000170204000006003204280000070,Easy
395712648648395712712648395239871564564239871871564239123487956956123487487956123,005000040040390002700000000009000500064000000870004230120000006000000000007950000,Hard
395861274274395861861274395139486527527139486486527139952613748748952613613748952,000060074000300000860004005009480500007109000000000030950003000000900010603000002,Medium
396241587241587396587396241739624158624158739158739624962415873415873962873962415,306040000001000096080300240039020058004100700100030000900400070005000960000062005,Medium
397284561284561397561397284972845613845613972613972845139728456728456139456139728,097200000000061300001000000070040003005000900600000040009700056000000009400130000,Hard
397625814625814397814397625439762581762581439581439762976258143258143976143976258,090000800005014000000307000400060001002080030001000700070200000000040906003006000,Hard
398245167245167398167398245739824516824516739516739824982451673451673982673982451,300000160240007000000098005709000000020006000010700820000001000451003900070900050,Medium
412358967358967412967412358123589674589674123674123589235896741896741235741235896,400050007000900400060402300000500000009070023600000089230806000096040005740000000,Medium
412593786786412593593786412278341659659278341341659278127934865865127934934865127,010003000006400090500000000000000050000008341340609000020000000860020904900005007,Medium
412679853679853412853412679341267985267985341985341267534126798126798534798534126,402000800079000402800010000000000980260005040005000007030006700000008004090500026,Medium
416928537537416928928537416284379165165284379379165284841792653653841792792653841,400000007037000028020500000000009105100080379000060280041002600653000790002050040,Medium
417589632632417589589632417941258763763941258258763941176894325325176894894325176,007009600030000080500032000000000000060000258058703000106090300020000004000000100,Hard
418236975975418236236975418641523897897641523523897641364752189189364752752189364,008000070000418006000900400040500090007600500500000041000000080000364050702080000,Medium
419238567238567419567419238192385674385674192674192385741923856923856741856741923,000008560000000000007419030000305070000000102004092005700023050900806000806000920,Medium
423156789156789423789423156231567894567894231894231567315678942678942315942315678,423006780150780003000000050031560804000804001094030000000000942078940005040010600,Easy
423861975975423861861975423142586397397142586586397142614758239239614758758239614,000860000970000001000075000102000307007000080080300040004000200230600000000039010,Medium
425638917638917425917425638742563891563891742891742563174256389256389174389174256,420038007600007425000000008740500090000801700091042503100206080056080100089000000,Easy
426381759381759426759426381638175942175942638942638175263817594817594263594263817,000080009000700406759420001600000042170040008902008100000807094800504263094260000,Easy
426783195195426783783195426342578619619342578578619342261834957957261834834957261,006783195100026703783100006300000010600000508508610042060830000907061034004900200,Easy
431895672672431895895672431167543289289167543543289167316954728728316954954728316,030800070602030095000602400167540280200167043503200060006000000028310900000728300,Easy
432567198198432567567198432321674985985321674674985321743856219219743856856219743,030060008100032000000000400000000085000020600000905001000056200209000000000010740,Hard
432675198198432675675198432543867219219543867867219543754986321321754986986321754,432600098190030000600000402500067019200503067067019043054000020300054000000001700,Easy
432851976976432851851976432297143685685297143143685297329514768768329514514768329,002851000076002800000906002000000605005097000100085090300014068008300004004708020,Medium
437892561561437892892561437243189756756243189189756243375924618618375924924618375,000000001560400092000001430200000056700203000080050000000000608000000020900018005,Medium
437951628951628437628437951284379516379516284516284379843795162795162843162843795,007000008051620007600007950000009000009000280016200300043000002700002000000800090,Medium
439257168168439257257168439916743825825916743743825916391574682682391574574682391,039050100008030050057108400910700800005006740743825910001574000682001004070680000,Easy
451263987987451263263987451519634872872519634634872519198345726726198345345726198,450003080080401203260900051000004072000019600600802510108300020720190040300026090,Easy
452386791791452386386791452527864913913527864864913527645138279279645138138279645,000300000091450000000000452007064000010507800060000500000100209079600008030070000,Medium
453126789789453126126789453537264891891537264264891537378645912912378645645912378,000026709000000006120000050507000090000030204000000000000005010900070640005902008,Medium
456123987987456123123987456698345712712698345345712698569234871871569234234871569,000003907907450103120900400000300000000098345000000698000034800070000004204070069,Medium
456192783783456192192783456678245319319678245245319678567924831831567924924831567,006100000083000090090083406600200309009070245005319600000000801031500024020030567,Easy
456719823719823456823456719671982345982345671345671982567198234198234567234567198,006010000010000400800050009070900340902300001045000002007008000098000500230007090,Medium
456789213789213456213456789678921345921345678345678921567892134892134567134567892,406000200009000450010000009070020305000340000045600001000092034002100000000507890,Medium
458267139139458267267139458581674392392581674674392581745926813813745926926813745,058000009039450200060100008580670002000080600600392001040000000800005020006810700,Medium
461273958958461273273958461619734582582619734734582619346827195195346827827195346,000070908950401000003000400600000580000019000730002609000807100090040827020005000,Medium
461352879879461352352879461618524793793618524524793618187246935935187246246935187,461300870009400300302070061018500790000610024024000600007046030900080000200005107,Easy
468375921921468375375921468546137892892546137137892546754213689689754213213689754,460000001901400075000020000500030800002000100007000046000213000080700000200000054,Medium
471352698698471352352698471524983716716524983983716524247835169169247835835169247,470002008000000050300608000000080016700024000000010500040005000000000800030100047,Hard
472139865865472139139865472728394651651728394394651728947513286286947513513286947,072100005800070000000060002700390600050708000000001008007000080000940013000280900,Medium
472168593593472168168593472847316259259847316316259847725684931931725684684931725,000060500003400000060093002840300009009000006306050007000004900030700600600000725,Medium
472539168539168472168472539253916847916847253847253916725391684391684725684725391,000500100000100072000072039053010040900800000007053910705300084091000000000700000,Medium
476123589589476123123589476658347912912658347347912658765234891891765234234891765,000003089500000100000089470008300010900000000340002000705000090000060004230000700,Medium
476123589589476123123589476765234891891765234234891765658347912912658347347912658,000103000080076000023089400060004890001060204234001700600347000912658347047900050,Easy
476129583583476129129583476765294831831765294294831765658947312312658947947312658,406109580003400120020000470000000001030060204004831065058000002300000000900310008,Medium
478391562562478391391562478785914623623785914914623785147239856856147239239856147,400001000560000001090560478080914023000780000900023080000209006000000230230800047,Medium
485936127127485936936127485648793512512648793793512648364279851851364279279851364,000030007000400030906000080608000000000640000700012040304200051000060000000801300,Medium
486273591591486273273591486659348127127659348348127659865734912912865734734912865,006200090000480003270000080000048007127600008000020600060004010010800730734910005,Medium
486293157157486293293157486861934572572861934934572861615348729729615348348729615,000293057100080003000100000000004070500000904934502060015300000000600008048000610,Medium
486731259259486731731259486862314597597862314314597862625148973973625148148973625,086730000200006001030000000800000000097060300014000062620000000003000140100900005,Medium
491567328328491567567328491749856132132749856856132749913674285285913674674285913,090567008308091000067308000709000100000709856050030700010004000200000000604285900,Medium
493186725186725493725493186931867254867254931254931867318672549672549318549318672,493100725106000493700003006931007054000200930204000067008670000002500010040018600,Easy
493256781256781493781493256932567814567814932814932567325678149678149325149325678,000006780200080400001000250032067800500000000000030507005000109070000000009320000,Medium
493671582671582493582493671367158249158249367249367158936715824715824936824936715,003000580001000400580003070007100040000049060200060000000705020700800900000036005,Medium
496785213785213496213496785678521349521349678349678521967852134852134967134967852,090005200700000090003006080600000300000040678009008020060852030050100000104060002,Medium
512347698347698512698512347985123476123476985476985123851234769234769851769851234,510300000047600000000002040000020400103070900000005020000000760000069800009850004,Medium
513678429429513678678429513134785296296134785785296134851967342342851967967342851,513600009009000000000020513000080006200004000000090130000000002300050900007040850,Medium
513826947826947513947513826138269475269475138475138269751382694382694751694751382,503000007000040510947000800138269005009400100075100260050002600380000051690700000,Easy
514738962738962514962514738251473896473896251896251473147389625389625147625147389,004700002700962014000010038000470806000890050896050003047380600000020100625007309,Easy
516792483792483516483516792351679248679248351248351679167924835924835167835167924,500000000790003016083506000000079008600200000040000609100920000024800007000060024,Medium
517439862862517439439862517951243786786951243243786951178395624624178395395624178,500030800800010009009060517000040006700050003040006900000390600004000005300000078,Medium
519247368247368519368519247851924736924736851736851924192473685473685192685192473,519200300207060500008010247050020000020706851706000000000400680403680100085190403,Easy
523489716716523489489716523237895164164237895895164237371952648648371952952648371,020400006006500009400010000000005000100007095090000230370000048000300000052600000,Medium
526189743189743526743526189261897435897435261435261897618974352974352618352618974,026100000080000000700020009260807000000030201030000800000074000900000010000608004,Hard
527614839614839527839527614395276148276148395148395276952761483761483952483952761,520010830614000500039027614090000008270008005008395200950060003701003052003002700,Easy
528347691347691528691528347915283476283476915476915283152834769834769152769152834,008007600307000028691500307915203070003470015406005000002800000834069002760000800,Easy
529461387387529461461387529293615874874293615615874293938152746746938152152746938,000400087300529000400000000090005004800000005010000290000050000746008000002700900,Medium
529473816473816529816529473947381652381652947652947381294738165738165294165294738,000003006073806000010500470947001000300000947050000000090000100700160204005000000,Medium
532469718718532469469718532695184327327695184184327695953846271271953846846271953,002000000718002000060000530000100007000090004084007600050800071000900840006000000,Medium
532817496496532817817496532249753681681249753753681249324175968968324175175968324,000800496406032007810006000040050081000049703000600009000070000960004105175000300,Medium
534761298298534761761298534153876429429153876876429153342615987987342615615987342,000060000000534760001098500053076000400000006000400153002000000000300010605087000,Medium
534891267267534891891267534153789426426153789789426153342915678678342915915678342,034801060260500091000200500003009420420000789000006153040910600070300915905078000,Easy
534968172968172534172534968349681725681725349725349681253496817496817253817253496,030000000000102530000500068000001005600025000720340000053090007490000203000000400,Medium
534986712712534986986712534653298471471653298298471653347865129129347865865129347,034980012012034006000000504050090400401000000208070053000005020029007865800109007,Easy
537296841296841537841537296372968415968415372415372968729684153684153729153729684,000096040290001000000500006000008000960000070405300060000084050080100709000709000,Medium
537684291684291537291537684376842915842915376915376842153768429768429153429153768,500084000004201000090000600370000000802000300000006040003700000060000050400050008,Hard
537692418692418537418537692853769241769241853241853769376924185924185376185376924,007000008002018507400000090803009201769240053001053069370900000024005376005300900,Easy
538194276276538194194276538453619827827453619619827453382945761761382945945761382,508000006070000190090076000403010000000000609010800050002000001060300040040760302,Medium
538261497497538261261497538849153726726849153153726849384615972972384615615972384,030001000400000001200097500049000706000800150003000009300000000070004000005900084,Medium
541289376376541289289376541895762413413895762762413895954628137137954628628137954,041080070370000009009300500800002003410800062000400090000628000100950000008000054,Medium
546219387219387546387546219462193875193875462875462193754621938621938754938754621,500010007200087540080000009000090805003070062000400000050600000000008000900000021,Medium
547238691691547238238691547854123769769854123123769854476385912912476385385912476,540030090001047008200600007050000060069804100103000000400000002002400380080000476,Medium
548317962962548317317962548175623489489175623623489175754231896896754231231896754,508000900062500000010062000070600080000005000000089105700001000006000030000890050,Medium
561498237237561498498237561856749123123856749749123856612985374374612985985374612,560098007207500000400207060850000020023006700040003050000900070000000085905370002,Medium
562891437891437562437562891756289143289143756143756289628914375914375628375628914,500000037890030500007500801050289043000100056000056200628900005900070020000000004,Medium
563274891891563274274891563456127389389456127127389456638745912912638745745912638,500000000890060204070091503056120309009006120127380000038000010012030740700912000,Easy
564283791283791564791564283156428379428379156379156428642837915837915642915642837,060280001000001060790500003106428309400300056370156428640807000007000000900042030,Easy
564987231231564987987231564756198423423756198198423756642875319319642875875319642,000000000001560907007030560050190000400000008000023006000000310009602000075000000,Medium
567241389241389567389567241956724138724138956138956724672413895413895672895672413,007001380201300060380060040900024038000130050008956020070400000000005072000600413,Easy
567821934821934567934567821456782193782193456193456782678219345219345678345678219,000000030801000000030507020000082000700000006090400000000010300010045000300600209,Hard
567834291291567834834291567672345918918672345345918672456183729729456183183729456,007034000200000030004090560072000010900000300300008070450100000000406000100029006,Medium
567841239841239567239567841678412395412395678395678412956784123784123956123956784,500800200040009007030007840008000090412300008300000000006080020004100050000006700,Medium
567841239841239567239567841956784123784123956123956784678412395412395678395678412,007840000001000507030060800050084120080000900003900700608002390012000000005600400,Medium
567934821821567934934821567678345219219678345345219678456193782782456193193782456,000004021800000900934000500600045209009000340000010600000000002782000090093000400,Medium
568234791791568234234791568687345912912687345345912687456123879879456123123879456,508004790091068004230090000680045000910680300045912087000000070870056020003070406,Easy
569213784784569213213784569978356421421978356356421978697135842842697135135842697,500010084080069010200704069900350000401070050006000008600005842042690005030002000,Easy
571648932648932571932571648325716489716489325489325716257164893164893257893257164,000008000048902000900571040000000080000000305089320700200104803000090207093250100,Medium
572439861861572439439861572728395614614728395395614728957143286286957143143286957,002030800001070030400000002700305010014000090300000720057040006000950003100000000,Medium
574163829829574163163829574748635291291748635635291748482357916916482357357916482,074163000000500100060009000700000090201700000630000708480050006000002300050000000,Medium
576238491491576238238491576764385912912764385385912764857123649649857123123649857,500238000490000030000490006000000902902760080385000000007003640040850023000000800,Medium
576892413892413576413576892357689241689241357241357689768924135924135768135768924,570002000000400006003576090007000040080240000001007600060004000000130700005700000,Medium
578296341341578296296341578657129834834657129129834657965412783783965412412783965,500096000041000000200000500050100834030000100009000000000402080703000010012000000,Hard
578961342342578961961342578157296834834157296296834157615429783783615429429783615,070000302040500060000002008007090004830057096090834100000020003083605020000780605,Medium
578962134962134578134578962896213457213457896457896213789621345621345789345789621,008900000002030508100008060800000007010400000057090003700001005000340000345080000,Medium
579638421421579638638421579794385216216794385385216794942857163163942857857163942,009030021401500030000000500704300200006790085300200090902000060060040007800100000,Medium
581234967967581234234967581458723196196458723723196458819345672672819345345672819,580030960900081004000000001000020006000000700723090400010000000002800000340000019,Medium
582193467193467582467582193219346758346758219758219346821934675934675821675821934,582100060093007500007002000200340708006050000758219300801900605930675801070800004,Easy
583127946127946583946583127312794658794658312658312794831279465279465831465831279,003027000100940000940083000010090008790608002600000000830009000000000030005001279,Medium
583974621621583974974621583458197362362458197197362458836745219219836745745219836,580970621000500900974601080408107000360458100000360400030705210000836040000000036,Easy
586374912912586374374912586745123869869745123123869745458237691691458237237691458,000374000010506004304902006000120069809700000020009705000007691091000200037691408,Easy
587236491491587236236491587874365912912874365365912874658123749749658123123749658,580006001091000000000490000074360000000000005300910000650000000000008020003700008,Hard
589436721721589436436721589897365214214897365365214897972658143143972658658143972,009400700020080006030000580800060204010000000000204007072600103040070000000103000,Medium
592387146146592387387146592214759638638214759759638214921875463463921875875463921,000080106100090300387040000204709600630214050000600214020005063403921000870003000,Easy
594873621621594873873621594946735218218946735735218946359187462462359187187462359,504873620601000073070600094000005208008940000005010046359187002000350080100462300,Easy
597342681342681597681597342973426815426815973815973426159734268734268159268159734,000040081000080507001500300000000005000805070010903400050000208700060000208000004,Medium
597634821821597634634821597459163782782459163163782459978345216216978345345216978,597000020001507600000020000000103080702000100163000000000040206000900300040016008,Medium
612475983983612475475983612561347298298561347347298561756834129129756834834129756,000000080980002400400083012001007200000000047040200560750000009000006030000109000,Medium
612974385385612974974385612746859123123746859859123746461597238238461597597238461,000074300085000000900000000000800023100046009000020000000597000230000007000008000,Hard
612978345345612978978345612786459123123786459459123786861597234234861597597234861,012000300005602000000040600000059003000000409450120000800007030004060090590000800,Medium
614985372372614985985372614561298437437561298298437561856729143143856729729143856,000000000000610005985000004001200000400560098000400060000000100003806720009040000,Medium
618345297297618345345297618182456973973182456456973182829561734734829561561734829,610300200297008005000000018080406970003080000000900100829001030700020501061734009,Easy
621375948375948621948621375486213759213759486759486213862137594137594862594862137,021370000000040000900000005400203000003009080750000000000007000030500860090062107,Medium
623795184795184623184623795237951846951846237846237951462379518379518462518462379,600090000005180620100023700000001040950000230006000900062300000079008002010460379,Medium
627945138945138627138627945862794513794513862513862794279451386451386279386279451,000000100005130600000007040860090003090500800500002000000451080000000009386000001,Medium
628145379145379628379628145796281453281453796453796281962814537814537962537962814,020145070040070628000028045706001050080003000403790000000010030004530000500902004,Medium
628954371954371628371628954162895437895437162437162895716289543289543716543716289,008900000954000000371008050000890037095430060407062005700089003280500700003010000,Easy
634295781781634295295781634563129478478563129129478563347956812812347956956812347,030295000000000000090700604063100070070000009000000500000000002010007900000812047,Medium
634527891527891634891634527345278916278916345916345278163452789452789163789163452,030527000000800600801030000300200900070010005016000200003400080050009100009000050,Medium
634897125125634897897125634341976258258341976976258341763589412412763589589412763,004800020005600890800025000040900050008341000070058300003000400002063009580412000,Medium
639125748125748639748639125863912574912574863574863912486391257391257486257486391,039000008020740609000630100803910504000000800574000012080000050091200486000400001,Medium
639147258147258639258639147863914725914725863725863914586391472391472586472586391,630000050000000009058009100000910025900725003000000000000000400300072000072086000,Medium
639415287415287639287639415941528763528763941763941528394152876152876394876394152,000000087010207009280000400041000003000760000003900500004050000100000094006300000,Medium
641239587239587641587641239412395876395876412876412395764123958123958764958764123,640039500209087040500600030012000800005076402070402000064100900020050000908064100,Easy
643895721895721643721643895438957216957216438216438957389572164572164389164389572,600090020800021643020043000000007210900000408000430000300072000000100000064000500,Medium
643982175175643982982175643264598317317264598598317264826759431431826759759431826,003980000105000080000105640200008010300000000090007204000059400430000709050001000,Medium
645819732819732645732645819264581973581973264973264581458197326197326458326458197,040809000000032640000005009004000900580000060003000081000100300190006058020008000,Medium
645978132132645978978132645864297513513864297297513864786329451451786329329451786,645070102100600970070132040004000500000064290007510060706009401050080020309450786,Easy
648971532971532648532648971264897153897153264153264897326489715489715326715326489,608071030901002048500040971060000003090100204003200890326009010080710006710306089,Easy
653249178178653249249178653531496782782531496496782531317965824824317965965824317,650000070100603049000000003030000002700001000006780500310060000004010900005004000,Medium
653471289471289653289653471347128965128965347965347128534712896712896534896534712,000070080400200603009000470040008000108005000060340000030000890002000500890504002,Medium
657941328941328657328657941865794132794132865132865794579413286413286579286579413,007041020000320000008000900800000130094100800002005000509000000010206000000070400,Medium
658912347912347658347658912476589123589123476123476589765891234891234765234765891,000010000002340000000008910000500023000100070100076000005800004001004760030000000,Hard
659234781781659234234781659465123978978465123123978465597346812812597346346812597,650000001080059230030081600400003070078005123023900065007006810002090300006810597,Easy
659741238238659741741238659416387592592416387387592416165874923923165874874923165,000700038238009040001230050010307000092410087000592400005800020920100004804000060,Easy
671239854854671239239854671718396542542718396396542718185967423423185967967423185,671009000004070200030804071718300542540018090000540708000007000423085900960003000,Easy
671982354982354671354671982546719823719823546823546719467198235198235467235467198,001000050080004600300000900000010023009020500800000009007090000100230060000000108,Hard
672589431589431672431672589316725894725894316894316725167258943258943167943167258,000000431509000000000072000000005800020890000094000700160050000000040107900007058,Medium
673845912912673845845912673567284391391567284284391567456128739739456128128739456,603045900000673045000900000000080300390567000004301000406008700700006020100030400,Medium
673849512512673849849512673496128735735496128128735496967284351351967284284351967,003049000512673049809000003490100700005090128108700000960000000051000200000000067,Medium
674912385912385674385674912856749123749123856123856749567491238491238567238567491,600002080912000070000604000850040103749020000123806040500400238000000507030007090,Easy
674915832915832674832674915491583267583267491267491583749158326158326749326749158,600910002905030070802004905090500200000000091207490083000100326108020009020000058,Easy
678341952952678341341952678167234895895167234234895167416523789789416523523789416,078000900002008000301052670060000005800000234234090060016023700709406503523089000,Easy
678359412412678359359412678596123784784596123123784596967235841841967235235841967,600309002002600059000010070096000700700506000123700090900000800040007000000801067,Medium
678512439512439678439678512967851243851243967243967851396785124785124396124396785,608000000000009670400070510060051240800040960043060800000700000705000096120006000,Medium
678912543912543678543678912436789125789125436125436789367891254891254367254367891,608002500010040678043000000030000000700025000005400009060801050001004000200000890,Medium
678915342915342678342678915267891534891534267534267891426789153789153426153426789,608910002005342008340600905007801500001000067530007090000009050080100026000020789,Easy
679283145283145679145679283456792831792831456831456792567928314928314567314567928,009080105080145600140609080400000001700000056831056700567000010000300000010500928,Easy
679342518342518679518679342186793425793425186425186793867934251934251867251867934,670340518040518609508670002186000000000425000425100700867034200000050000000800034,Easy
679382415415679382382415679267538941941267538538941267826153794794826153153794826,009082400415609300000400600000038941041200508000040000806150000090806150003000006,Easy
679812345812345679345679812456798123798123456123456798567981234981234567234567981,600800005000040600005000012000700100000023000020400098500001204001030560000060000,Medium
682943517517682943943517682368794251251368794794251368436179825825436179179825436,000903507010080003943510600008790200000068094090251068406009005000436000170020400,Easy
687239154239154687154687239468723915723915468915468723872391546391546872546872391,007000000000100087154600030060020900700010408010008003070090006300540070040002301,Medium
692184357184357692357692184769218435218435769435769218921843576843576921576921843,602080050000000000000090104700010400000005769000009000900003006000500020570000003,Hard
692587314314692587587314692769458231231769458458231769923876145145923876876145923,002580004310000000087000000009450001000069000408201069003800000045903076000000923,Medium
692713548713548692548692713486927135927135486135486927869271354271354869354869271,000013500010540000000002703486020000007100086005000027809001304000050800004060271,Medium
694123587587694123123587694945236871871945236236871945458369712712458369369712458,004003587000090003100000004000036001000000200200800045050069010702408060000702050,Medium
694781253781253694253694781947812536812536947536947812369478125478125369125369478,604700000701003694050600000947800000002506907030047800309400105078120300000360008,Easy
695273841273841695841695273952738416738416952416952738169527384527384169384169527,000000801203041090000090000052000000000000900400900038160020004000004000080000507,Hard
697345218218697345345218697569834721721569834834721569456183972972456183183972456,600300210008097300000008000569030021000000830030001000000000000970050003003070406,Medium
698713452452698713713452698136527984984136527527984136369271845845369271271845369,008713450000098000010000608100027980904100020500900100360000005000300000201045060,Medium
714256839839714256256839714483671925925483671671925483148567392392148567567392148,004056030800010050056830700003671905905003001000925083000500300090140567507000048,Easy
716439285439285716285716439571643928643928571928571643857164392164392857392857164,700009080030080016200000400000003028600000500000070603000004090160000007000800000,Hard
716924358924358716358716924871692435692435871435871692587169243169243587243587169,000000308900300010050706004000000030002430070000001602080009200160000080003000060,Medium
718352964964718352352964718271435896896271435435896271527643189189527643643189527,000000900960008352000960018271035806096000005430090070507040080180527003000000000,Easy
718536249249718536536249718182367495495182367367495182824671953953824671671953824,018030049049708000506000700082060405000000360000495082800000000003824000070903004,Medium
719264538264538719538719264871926453926453871453871926192645387645387192387192645,000004000200500010538010000801020403000000870000000006102000080000380100007092000,Medium
723589614614723589589614723236897145145236897897145236361972458458361972972458361,703500004000003080080610020200007040000006000890040206060002000008000970970008300,Medium
723648951951723648648951723395872164164395872872164395239487516516239487487516239,000000000951020640608051700390000100100300002800064000239000000506230487400500030,Medium
725139846846725139139846725972613584584972613613584972258397461461258397397461258,020039800840700000009046005902000080000000003010580070250000000000208300097000050,Medium
726315984984726315315984726572431698698572431431698572157843269269157843843269157,006015000900026010300000700502030600000000000000608070007000009269050000000000157,Medium
726918543918543726543726918269185437185437269437269185691854372854372691372691854,700918540000503026040020000009100000180037009430060180001800070850372090002001004,Easy
732459186186732459459186732218973645645218973973645218321597864864321597597864321,700400006100032059000080730200003640005210000000005000321000004000000007000860000,Medium
732561948561948732948732561256194873194873256873256194325619487619487325487325619,730060908000040700008000001206100000090070000073206000300000407010480320007005010,Medium
732645891891732645645891732457916328328457916916328457573164289289573164164289573,730605801090700005640090000007000020028000906910000407000000200000073000164080070,Medium
735198624624735198198624735873419562562873419419562873356987241241356987987241356,005008600000705090000020730000010502562003409010060003000980000040356080907200056,Medium
735486921486921735921735486173548692548692173692173548217354869354869217869217354,705080000480021000000700400003540000000002070600070008200004060054060007000010350,Medium
739128456128456739456739128912845673845673912673912845391284567284567391567391284,039000050120000000000700008002040070040000910603000045000200060080507300067000004,Medium
742531896531896742896742531674253189253189674189674253425318967318967425967425318,700531896031890000890000001000000189250109600109074053405010060008000405960020010,Easy
742915638915638742638742915387429156429156387156387429874291563291563874563874291,002000008010630700030700005007000000429050007050300000804000060000560070003004000,Medium
753218469218469753469753218321846975846975321975321846532184697184697532697532184,700018400008000053400000000000800905040905001070000040030100600004097000000002100,Medium
756489123489123756123756489564891237891237564237564891648912375912375648375648912,700000000009023700003000480064800000000007000200060091600912000000000640005600000,Medium
756891234891234756234756891475689123689123475123475689568912347912347568347568912,000890004001034050200006801005009020000120075020000689500900300912040008347000010,Easy
758361492492758361361492758617923584584617923923584617175236849849175236236849175,008000092000008300360000700010923004500007003020000000100200040049000030200000005,Medium
758614932614932758932758614327586149586149327149327586275861493861493275493275861,050604030604902000030000000027080109000000000100320006000060003001000275400000000,Medium
761538249538249761249761538615382497382497615497615382976153824153824976824976153,700508240030049060249000500010080490302407615097000002976000800050824070800070000,Easy
761925384384761925925384761257849613613257849849613257576492138138576492492138576,001020004000760020025300700250009600010250040000613057076400030038570402090000576,Easy
763851294851294763294763851638512947512947638947638512476385129385129476129476385,763800090851090763000063800600502900510000000947038012070300009305009070120076300,Easy
764381592592764381381592764645817923923645817817923645176238459459176238238459176,004000090502060001000000700040007000903040000800920645000030400059076008208000000,Medium
764523198523198764198764523645231987231987645987645231876452319452319876319876452,060020008003108000090700500000000907031000000900040200870002010000300070000006002,Medium
764598231231764598598231764876159423423876159159423876642987315315642987987315642,004090200000000508500030060076050400020000000100003000000000315015002080000300600,Medium
765913824913824765824765913476591382591382476382476591247659138659138247138247659,705010804003804760004065910470590000090302400080406501200059138609030207000000600,Easy
768391254391254768254768391476839125839125476125476839683912547912547683547683912,000000054000250000000068300000009100030100070005000830600910007002000000047600002,Medium
768932145932145768145768932457689321689321457321457689576893214893214576214576893,708000005902045708005060930400080020009020050000407609006800000000010006200000893,Medium
768932154932154768154768932547689321689321547321547689476893215893215476215476893,060932104932000060154760030040600021009000000320040080006003000090205076000476800,Easy
769452138138769452452138769691527384384691527527384691913276845845913276276845913,760400130008709000450000009001020300004000000020380601903070000000900200000005010,Medium
781924563924563781563781924637819245819245637245637819378192456192456378456378192,001900503020060000063700000600000040800000007045000819000100000002406370056000000,Medium
782459163163782459459163782216978345345216978978345216821597634634821597597634821,000400000163000000059163000000070300300006900078040000020000004600001500500030800,Medium
783124956124956783956783124831249567249567831567831249312495678495678312678312495,000000050020056700900000104000249500040060000000001209000090078400678002000002400,Medium
783251946251946783946783251325194678194678325678325194832519467519467832467832519,700000000250000003006080200320090078000670000000005000000010007000400000067002500,Hard
783456129129783456456129783312678945945312678678945312831567294294831567567294831,000050109000000456456100783310008905005300000608040010000060004290030507567000001,Easy
784956123123784956956123784412678395395412678678395412841567239239841567567239841,080006000120000906006123004412000300390002078078000000001000239209800000000030040,Medium
785942631631785942942631785427319856856427319319856427278194563563278194194563278,000940031000085002002000700407010800000000300010056000008100000503000090000063000,Medium
789123654123654789654789123912365478365478912478912365891236547236547891547891236,700003004000050000054000120000065070000400000008000360800200000230007000040000036,Hard
789126453126453789453789126912645378645378912378912645891264537264537891537891264,700106400020400080053789100900640008005070010000902040000064030000500000030001204,Medium
789143256143256789256789143914325678325678914678914325891432567432567891567891432,009100256003050009050700140904320000300008000670010020890000007000560001560001430,Medium
791568234234791568568234791912687345345912687687345912879456123123879456456123879,701000200000090060000034700900080340005900007007000010070406000000000000000120809,Medium
791635428635428791428791635287916354916354287354287916879163542163542879542879163,090005400635008090028700005000006004910050080000200016070063500160000870000879003,Medium
793456281456281793281793456934562817562817934817934562345628179628179345179345628,000000201456000700001090006900062000000000000010004502000000179008170300000040020,Medium
794521386521386794386794521945213867213867945867945213679452138452138679138679452,790501006520006090380090520900013000000867005860000210600402008450008600108679052,Easy
795214386386795214214386795953147862862953147147862953479621538538479621621538479,000010006380005000000000700903040060000900100147002000079621508500000601620000400,Medium
798234561234561798561798234982345617345617982617982345179823456823456179456179823,000034501030000790501000034982045007000607900000080005109020000020456000450070800,Medium
812396574396574812574812396481239657239657481657481239748123965123965748965748123,800000070006500002000010006401000050000007480000080200048100000020000040900700003,Hard
812397465465812397397465812781539246246781539539246781124978653653124978978653124,800097005000800000007465810000500046000700009500246080120070003053020000000600004,Medium
812569473569473812473812569125694738694738125738125694256947381947381256381256947,000500470000003810073012009105600000690038000038005000056947000000001200000000040,Medium
814327569327569814569814327143275698275698143698143275981432756432756981756981432,000020000307500010000014307003070608000098100690000200000402050002000900756001430,Medium
816749523749523816523816749674952381952381674381674952167495238495238167238167495,800700020740003000000006009000000081900300004001670000000090008400038100000007490,Medium
816945273273816945945273816458739162162458739739162458581394627627581394394627581,000900003070000045905270000008039160000000009730000450001300607007080000094607080,Medium
819354267354267819267819354781935426935426781426781935193542678542678193678193542,009050260354200010260019000001930026905400081006700000090002600040000093600000540,Easy
819456723723819456456723819197568234234197568568234197972681345345972681681345972,800056700720010000000000009097500000034090008000000100902001340000070601080000000,Medium
819746325746325819325819746974632581632581974581974632197463258463258197258197463,800000005000300019025000000000000000000081970500070602090000000463008000000197000,Hard
821796354796354821354821796179635482635482179482179635217963548963548217548217963,000090054706004000304800090000000400035082100482100600200000508000040010500007063,Medium
823674159159823674674159823231748596596231748748596231315482967967315482482967315,000674009050023070004009800030700500000000708000096201015080900967315082000060015,Easy
823719546546823719719546823354982671671354982982671354235198467467235198198467235,820710000000023000709000000050900070000004002900671000000000060467030098100460205,Medium
827453619453619827619827453982745361745361982361982745198274536274536198536198274,820003600450610020609807003002700301740061000300082045090000506074506190000108004,Easy
829756341756341829341829756975634182634182975182975634297563418563418297418297563,029056301050000800001809700905004082634080905080900604207000010060400200408207500,Easy
832147596147596832596832147683214759214759683759683214321475968475968321968321475,002000090040500000000000107600010009004000000050083200320070000405060320008001000,Medium
836745219745219836219836745198367452367452198452198367983674521674521983521983674,800045200000010036200000700008300400007000098050000307900074500000000003020900000,Medium
837596241596241837241837596183759624759624183624183759375962418962418375418375962,830006200000000000200007096180050604000004003600080000000060008002410300000005960,Medium
839745612745612839612839745283974561974561283561283974128397456397456128456128397,830005000700012800002000700003070000900060000561283004108000050000000100450100097,Medium
841952763763841952952763841176284395395176284284395176417528639639417528528639417,000050700063800000000060001000084395090000004200000000010500609630017000000030000,Medium
842175936936842175175936842758361429429758361361429758584617293293584617617293584,800105030036842100170000002700061009020708300060409008084000000000500000610003080,Medium
842719536719536842536842719427195368195368427368427195684271953271953684953684271,042000006700000000500802010007190000000008400008020090000070003000900004953600000,Medium
843175926175926843926843175684317592317592684592684317268431759431759268759268431,003005920175000800000000000600307000007002080500080010068401000000050000709060400,Medium
843752619619843752752619843361284975975361284284975361436528197197436528528197436,000002009010040702000610800000200975970361200000900000406500007007030020008000430,Medium
845912763763845912912763845284391576576284391391576284128639457457128639639457128,805900060000000910002060045200090006000080300091500204000000450000108600030007008,Medium
846139752139752846752846139284613975613975284975284613461397528397528461528461397,040030050009000840702800109084600000610005280005080013000090028390520000000461007,Easy
856234917234917856917856234785623491623491785491785623562349178349178562178562349,806004000030017050007856204080000001000490000401005603062040000000108502108060000,Medium
856371249371249856249856371985637124637124985124985637563712498712498563498563712,000300200300049000000000071000000100007004080024900000060000400700008060090060702,Hard
856472913913856472472913856728134569569728134134569728285347691691285347347691285,006070910000850402000000050700000069000008100030000008080000000090205040307000200,Medium
856742193742193856193856742567421938421938567938567421674219385219385674385674219,800042000002000006090000700060000008400900000930007020000000380010005600080600009,Hard
859132746746859132132746859597328461461597328328461597974285613613974285285613974,050000700700050132002006000000008061401090000300400000074200610000000005080600000,Medium
861547239239861547547239861786954123123786954954123786612478395395612478478395612,060047030000861007507009800786000103120786000004000000010408005390000470070305012,Easy
861729453729453861453861729172945386945386172386172945617294538294538617538617294,800020003009450000450000000170000086005000000080000900607090500004008000030000200,Hard
861734592734592861592861734617345928345928617928617345286173459173459286459286173,061730090700592061500800000607300020000928600008600040086000450073409286050280170,Easy
862453719453719862719862453198624537624537198537198624986245371245371986371986245,060453000053709800009062403000604537620530008537008000906040370205000900000006240,Easy
862475931931862475475931862293586147147293586586147293629758314314629758758314629,062470000930002400400031862003580040100093500006000090020058014310620000008300009,Easy
863274591591863274274591863635748912912635748748912635486127359359486127127359486,000000000590063004270501000600000902910030000048000000080000359350086107000300006,Medium
864539172172864539539172864398725641641398725725641398986253417417986253253417986,004500170102860539500000864000020600000390725025000008980053000410080253200000086,Easy
867591234591234867234867591486759123759123486123486759675912348912348675348675912,060500000501004807004007090406059023700123000000000000005900340900340670308005910,Easy
869371524371524869524869371693715248715248693248693715937152486152486937486937152,869370020300000000004069370093705240005240093008693005000100486150006000086007100,Easy
871234965234965871965871234712349658349658712658712349587123496123496587496587123,001204000030900800060001030002009600309600710000010040000123496003406087006000000,Medium
871326954954871326326954871719268543543719268268543719687432195195687432432195687,000000900054000020306950071000008043040000260208500000680002100105000002030000080,Medium
872154369154369872369872154721543698543698721698721543215436987436987215987215436,872100000054309000360870000700003608500698000098020003005030900430007210980210436,Easy
874653912653912874912874653746539128539128746128746539287465391465391287391287465,000050900650010804002000000040500100009020040000706030207000300000001080090200000,Medium
876129543543876129129543876654987312312654987987312654765298431431765298298431765,800000543000076009000000800004007012002000900000310050060000000030700098200001000,Medium
876345912912876345345912876587234691691587234234691587458123769769458123123769458,070045900902070340340902000080000090601580034004001507408100060009008120123000058,Easy
879312456312456879456879312793124568124568793568793124931245687245687931687931245,000300450312006000050000002090000560100060703008000000001000000200007031080900000,Medium
891234765234765891765891234589123476123476589476589123912347658347658912658912347,000034005200705090700000000580100000103070000000509120000347600307000900658002300,Medium
891254367254367891367891254789125436125436789436789125912543678543678912678912543,891050300050000000000090254709020030120006709030009100910543608000670912600010540,Easy
891567234234891567567234891912678345345912678678345912789456123123789456456123789,090500030234001000000000001000078040000000600600340002089000100000700400050023000,Medium
891567324324891567567324891789456132132789456456132789913678245245913678678245913,090507000004000000500320001000400000000089050406000780010000000200910008608045000,Medium
891634527634527891527891634916345278345278916278916345789163452163452789452789163,001600000034020000520001000000005200045008010008910000009160050000000700000009063,Medium
892564173173892564564173892921648735735921648648735921489356217217489356356217489,000564000103000000000100890020608000030021008600700001489356000200089000006000000,Medium
894235167235167894167894235789423516423516789516789423942351678351678942678942351,090000000000007804100004035000400000403016000006780420902000070051070042600900300,Medium
895164237237895164164237895489716523523489716716523489952648371371952648648371952,005064030237890100104200895080010000003000716016500480952000371070050640600000902,Easy
895671234234895671671234895523189467467523189189467523952718346346952718718346952,000600200000000071670034000500000060400023009000007500950000000040950708008000002,Medium
896231547231547896547896231789623154623154789154789623962315478315478962478962315,000000040000500896007890000000023000003000700050709620960015400000000002000900010,Medium
896251734251734896734896251625173489173489625489625173962517348517348962348962517,000200704050700000000096000000100000003080005409000070062010300000340900008002000,Hard
896547231547231896231896547965472318472318965318965472189654723654723189723189654,090507030507030096201800000000472000072000900318905400000000703000020080700189000,Medium
897452316452316897316897452168974523974523168523168974689745231745231689231689745,800052016000000800300097400000900520904500108023168070000745230040000000231680700,Easy
897651234234897651651234897972518346346972518518346972189465723723189465465723189,090000234230890001051234007970518340000902008508300970100000020720180005000003180,Easy
912354678354678912678912354891235467235467891467891235789123546123546789546789123,010050008300600910008012300801200060200407800007090000700020006023500780000700000,Medium
912378465465912378378465912891537246246891537537246891789653124124789653653124789,902008000000010308078405002801000000040890537030000801709053120004000650650004780,Easy
912578634634912578578634912789345126126789345345126789891457263263891457457263891,010000600600902000078004010000005100026780305340106089000050263060891457007260891,Easy
912643875875912643643875912439756128128439756756128439391564287287391564564287391,010040805800002003000805910009056120020400050000028000390000007000390060504000091,Medium
912674385385912674674385912749856123123749856856123749491567238238491567567238491,000000085305900070074000910749006000020000806006000740000000000208490060500000091,Medium
912678345345912678678345912789456123123789456456123789891567234234891567567234891,910008000040012678000300000080400123003000000006120000090567000204801560067000801,Medium
912734658734658912658912734589127346127346589346589127891273465273465891465891273,000000058700008012650910000080007300000306509300509027890270400000405801400091270,Easy
912743658743658912658912743589127436127436589436589127891274365274365891365891274,002700000740058902658912703089020006000000509406509020090270060070060891365090000,Easy
913245678245678913678913245891324567324567891567891324789132456132456789456789132,000045670245000910008010005800004500024567091067000004700000456100006000050709130,Easy
913645728645728913728913645289136457136457289457289136891364572364572891572891364,913000700600020000008003040000006007130400000050080106000304070060000801000000000,Medium
914537628537628914628914537289145376145376289376289145891453762453762891762891453,914000008030028900000900500209100006045306000006080000090450762453760001002890000,Easy
916345278345278916278916345891634527634527891527891634789163452163452789452789163,900045008300200016070010045001000007004000891520801004089160400160452000400000060,Easy
916347285347285916285916347859163472163472859472859163591634728634728591728591634,916300000347000000080010007009063070000002809070809100501004708600720001000001030,Medium
916375248375248916248916375891637524637524891524891637489163752163752489752489163,010370048000000006248900375801000020637504001020090030400000052003752009050089063,Easy
916835247835247916247916835791683524683524791524791683479168352168352479352479168,000030000005200006047000805001603020083000000500000000470008052000000000050400108,Medium
921374685374685921685921374213746859746859213859213746592137468137468592468592137,900000600300085920085900304010000059706009010809210006500030008100068000060502107,Easy
921637548637548921548921637489216375216375489375489216892163754163754892754892163,000007040600040021500000630009210305010000000070000206092100700060700090000000003,Medium
921685734685734921734921685216857349857349216349216857492168573168573492573492168,001080704600004020700000000006800000807349000040010050000008570000000400500092008,Medium
924631587587924631631587924458192763763458192192763458245319876876245319319876245,924601087000920630031000020450190063060008102100000008005019870000240010010000005,Easy
924671538538924671671538924453192867867453192192867453245719386386245719719386245,900000000530024000001030900453100860000403000102007450000000080080245009710086000,Medium
925418376376925418418376925892641537537892641641537892189764253253189764764253189,005010000000920010400306000890040500030002000001007890180000050000009760004000000,Medium
926471538471538926538926471389264715264715389715389264892647153647153892153892647,906071530400008906000926001300004000064000089700009260890040000600153000050892647,Easy
927163845845927163163845927784392516516784392392516784278639451451278639639451278,000003040800907000063840027780090500516700300090000004200039050050200000000450008,Medium
934586712586712934712934586293458671458671293671293458345867129867129345129345867,004086712006712030000930500290400070000601003070090008300800120800109305029045067,Easy
935627418418935627627418935793862541541793862862541793354279186186354279279186354,030600000400030607027000035700002540540000060060000093304270106080300200200006000,Medium
936854721721936854854721936672493185185672493493185672367549218218367549549218367,030800720000900004000001930070400100080070003403005000000009018008060500500000300,Medium
937156482156482937482937156715648293648293715293715648371564829564829371829371564,030106002000000937480907000010640000008200700200005040071500029064009000809300000,Medium
937186254186254937254937186718625493625493718493718625371862549862549371549371862,900006050000250007004000080008000090005400000090000625300800040860000001009000002,Medium
937425186186937425425186937718593642642718593593642718371259864864371259259864371,907420006000900000005006030700000040002700503090000008070000860004371000009800001,Medium
938752164752164938164938752387521649521649387649387521875216493216493875493875216,000002064750000000060900002080520040001009300009007520000210093000090805090005000,Medium
943652781652781943781943652365278194278194365194365278436527819527819436819436527,940050700000000003700003052000070100008094005094300200406027000020000036000000500,Medium
945617328328945617617328945179286453453179286286453179794861532532794861861532794,040007000000000610617300005000080000003000280000450009090001500000700860001002000,Medium
948257613257613948613948257394825761825761394761394825139482576482576139576139482,040200603000000000003008250094000760005000090700300005009000006400570000000100082,Medium
951432678678951432432678951295843167167295843843167295329784516516329784784516329,951030000000001400030008000295040100067200840840007005309704500500020000084010000,Medium
952378641641952378378641952789413526526789413413526789895137264264895137137264895,002008000000952300370040952000403006020789403000020080005100060260095030037000090,Easy
954367218218954367367218954795836421421795836836421795679183542542679183183542679,904007000010954067307010000000030001400005000030020705000000042002009180003540009,Medium
954837162162954837837162954379628541541379628628541379795283416416795283283416795,004837102002900030000060050309600040041000028608040070000203010006795200000006090,Medium
958364712712958364364712958495236871871495236236871495649123587587649123123587649,958304000700050000304010950090206001800090236000000090600120080087609100003080040,Easy
962345871345871962871962345719623458623458719458719623196234587234587196587196234,962045000000000060800062300700623008020058000408000000190030580034087106580006034,Easy
962457813813962457457813962579134628628579134134628579796345281281796345345281796,000050003800900050057813000070104608020509130030020579096305000200000345005080006,Easy
963517248248963517517248963179485632632179485485632179796851324324796851851324796,063017000240000507000008900079400000602179400485602070700000020000790051851320706,Easy
967524831524831967831967524675248319248319675319675248196752483752483196483196752,000500830500030067001060020675000009040000000000075200100700080002400100000096000,Medium
968512473473968512512473968296351847847296351351847296684129735735684129129735684,060502000070900002010070908096350807800096301000000000604029000035080000000700004,Medium
968751342751342968342968751296875134875134296134296875687513429513429687429687513,000700040000002008300068000200075130005000200000006070000013420500400000009000010,Medium
972345618345618972618972345189723456723456189456189723897234561234561897561897234,072300618000018070010970040100020006703006180400180000097004561230061007500800204,Easy
972453861453861972861972453197245386245386197386197245724538619538619724619724538,900453060053000070861902053190200080005386007306000005020038009538000000600024538,Easy
974153268153268974268974153897415326415326897326897415689741532741532689532689741,000100068100068070000904000097005020000306800026890000609701000740000600532600040,Medium
978216543216543978543978216439782165782165439165439782397821654821654397654397821,000206503000540008040000010439780000080000000100000002097800600020000000000300021,Medium
978325641641978325325641978259413786786259413413786259597132864864597132132864597,978005041600008020020000900259010000700009000003080200500030004860007030130860500,Medium
978614325614325978325978614861432597432597861597861432786143259143259786259786143,908610325010325000320908000860002507432000060590000002000000050140209080259706000,Easy
981236457236457981457981236798123645123645798645798123812364579364579812579812364,901000050000000000407981030000023000100000090605090100000304000060000802000810000,Medium
981276453453981276276453981814769532532814769769532814698327145145698327327145698,980070003000080070000403001000069032032010709769532804600300100005000320007040008,Easy
985364172364172985172985364853641729641729853729853641298536417536417298417298536,085300070300170005170980364003041720600000050000050001000036007036400290410098030,Easy
986123457123457986457986123861234579234579861579861234612345798345798612798612345,080000000100000006407906020801004079200000800079000030600005000040000000090002345,Medium
986421537421537986537986421379864215864215379215379864798642153642153798153798642,006001000000030900500906020309000005060000000205070800090602103040053700000000000,Medium
987215436215436987436987215872154369154369872369872154721543698543698721698721543,900010030210000907000087005802100009000060002000800050021503090003000700090000000,Medium
987256143143987256256143987871569432432871569569432871714698325325714698698325714,087056040000000200050143987871500030000001009000030801700698300300704090608025700,Easy
987346215215987346346215987469153872872469153153872469698534721721698534534721698,007040200000080006340000000400053000000069103050800000090030700001000004530701000,Medium
987456123123987456456123987712698345345712698698345712871569234234871569569234871,900000003120900000006000080710000045000002600000000010800009000204870009060000001,Hard
